name;id;grade;age;email
Giavanna Rivers;263033;2;NaN;NaN
Bear Hancock;983087;3;NaN;NaN
Katelyn Dougherty;377667;4;NaN;NaN
Brett Krueger;937732;2;NaN;NaN
Kamari Russell;907671;4;NaN;NaN
Weston Mayo;127689;2;NaN;NaN
Aarya Pearson;459836;3;NaN;NaN
Gunner Young;572896;2;NaN;NaN
Zoey Brown;490530;4;NaN;NaN
Elijah Rocha;384503;1;NaN;NaN
Emmie Richardson;787877;1;NaN;NaN
Robert Fitzpatrick;130668;1;NaN;NaN
Annabella Ford;679221;4;NaN;NaN
Luis York;72126;1;NaN;NaN
Milan Duncan;88704;1;NaN;NaN
Avery Shaw;948861;4;NaN;NaN
Emersyn Yates;881763;3;NaN;NaN
Braylon Branch;715658;5;NaN;NaN
Luisa Benton;546558;3;NaN;NaN
Jamal Boone;139627;1;NaN;NaN
Mariam Guevara;827224;2;NaN;NaN
Tommy West;926402;5;NaN;NaN
Remi Velez;707478;5;NaN;NaN
Kareem Short;886098;3;NaN;NaN
Cheyenne Harris;618424;3;NaN;NaN
Samuel O?Connor;394528;5;NaN;NaN
Charli Matthews;69762;4;NaN;NaN
Preston Khan;471683;3;NaN;NaN
Mabel Poole;480273;2;NaN;NaN
Quincy O?Connor;346910;5;NaN;NaN
Charli Fletcher;802621;5;NaN;NaN
Jay Schaefer;213404;1;NaN;NaN
Mavis Harrison;14203;4;NaN;NaN
Gavin Cunningham;239476;4;NaN;NaN
Marley Bates;158893;2;NaN;NaN
Ellis Shields;588961;3;NaN;NaN
Analia Wiley;460670;5;NaN;NaN
Mathew Harrington;933108;5;NaN;NaN
Legacy Walter;251624;1;NaN;NaN
Lochlan Tate;30927;3;NaN;NaN
Skye Lu;292230;1;NaN;NaN
Duncan White;829752;3;NaN;NaN
Layla Sosa;758064;1;NaN;NaN
Emir Leonard;231587;4;NaN;NaN
Demi Peralta;459248;3;NaN;NaN
Dangelo Todd;11068;1;NaN;NaN
Zariah Acevedo;382934;3;NaN;NaN
Dakari Dyer;504797;1;NaN;NaN
Estrella Dougherty;693076;4;NaN;NaN
Brett Wu;277031;3;NaN;NaN
Liana Reynolds;396792;5;NaN;NaN
Vincent Lane;314358;3;NaN;NaN
Amy Castro;63613;3;NaN;NaN
Jasper Contreras;682537;3;NaN;NaN
Daniela Ware;370460;3;NaN;NaN
Tadeo Gilmore;328154;5;NaN;NaN
Chanel Lin;648625;1;NaN;NaN
Conor Compton;550609;3;NaN;NaN
Elina Reilly;176393;3;NaN;NaN
Alvaro Silva;611541;3;NaN;NaN
Lucia Wise;269492;5;NaN;NaN
Frederick Bishop;23699;4;NaN;NaN
Brooklynn Johnson;15640;4;NaN;NaN
Noah Goodman;658180;5;NaN;NaN
Carolina Marks;754065;4;NaN;NaN
Amos Hughes;249502;4;NaN;NaN
Samantha Griffith;255876;5;NaN;NaN
Franklin Jensen;846495;5;NaN;NaN
Jane Jordan;881453;3;NaN;NaN
Sawyer Gibson;964260;3;NaN;NaN
Eden Harvey;95832;1;NaN;NaN
Cayden Rivers;969155;2;NaN;NaN
Kiana Le;644194;4;NaN;NaN
Damien Ventura;786912;4;NaN;NaN
Zora Richmond;975750;1;NaN;NaN
Mordechai Strong;630750;2;NaN;NaN
Margo Norton;290336;4;NaN;NaN
Callen Murphy;918428;1;NaN;NaN
Bella Arellano;117327;5;NaN;NaN
Kellan Barry;676764;1;NaN;NaN
Waverly Donaldson;546619;3;NaN;NaN
Canaan Conway;721683;3;NaN;NaN
Ryann McClure;950064;4;NaN;NaN
Reese Dodson;965753;5;NaN;NaN
Etta Lucero;814151;3;NaN;NaN
Felipe Grimes;200597;5;NaN;NaN
Braelyn Meadows;944038;2;NaN;NaN
Wayne Delgado;348795;2;NaN;NaN
Alani Doyle;465765;2;NaN;NaN
Kashton Henderson;92402;1;NaN;NaN
Maria Harrell;243225;2;NaN;NaN
Nelson Durham;887157;3;NaN;NaN
Tiffany Herman;415059;2;NaN;NaN
Juelz Stephens;452471;3;NaN;NaN
Millie Evans;904578;2;NaN;NaN
Elias Byrd;44221;5;NaN;NaN
Giselle Quintana;515882;3;NaN;NaN
Kelvin Macias;303956;4;NaN;NaN
Adley McLean;189705;5;NaN;NaN
Crosby Flynn;764772;2;NaN;NaN
Iyla Kelley;31094;NaN;47;NaN
Eric Oliver;80405;NaN;58;NaN
Camille Schmitt;44321;NaN;38;NaN
Murphy Bailey;33446;NaN;31;NaN
Kennedy Lawrence;93958;NaN;41;NaN
Kaleb Wilkerson;15884;NaN;37;NaN
Janiyah Moyer;47907;NaN;36;NaN
Ahmir Waters;39550;NaN;25;NaN
Bristol Vaughan;99826;NaN;60;NaN
Castiel Benitez;51758;NaN;38;NaN
Aliza Wade;26905;NaN;55;NaN
Jake Good;45235;NaN;20;NaN
Nathalia Perry;372;NaN;39;NaN
Waylon Copeland;54772;NaN;34;NaN
Dayana Williamson;68035;NaN;27;NaN
Emerson Woodward;63019;NaN;47;NaN
Drew Vaughan;93435;NaN;39;NaN
Castiel Carter;76642;NaN;29;NaN
Lucy Parker;86344;NaN;39;NaN
Caleb Jenkins;69426;NaN;18;NaN
Rylee O?Donnell;68097;NaN;48;NaN
Lian Rice;1230;NaN;44;NaN
Ada Hurley;24011;NaN;34;NaN
Van Dennis;39576;NaN;21;NaN
Maisie Pugh;99597;NaN;34;NaN
Judson Navarro;68590;NaN;60;NaN
Winter Walton;25741;NaN;56;NaN
Dominick Hoover;73459;NaN;57;NaN
Virginia Lopez;15570;NaN;47;NaN
Michael Patterson;12730;NaN;48;NaN
Kaylee Dodson;26529;NaN;32;NaN
Seven Schaefer;94467;NaN;44;NaN
Mavis Gibson;94512;NaN;23;NaN
Tyler Lim;92388;NaN;48;NaN
Giavanna Wilkerson;28218;NaN;34;NaN
Carmelo Molina;60893;NaN;57;NaN
Alexandria Long;28311;NaN;34;NaN
Jace Sheppard;67507;NaN;51;NaN
Veda James;92646;NaN;26;NaN
Jaxson McKee;88051;NaN;38;NaN
Kori Cummings;62609;NaN;20;NaN
Raiden Vega;27650;NaN;46;NaN
Dakota Hobbs;13641;NaN;21;NaN
Brendan Decker;11494;NaN;28;NaN
Aleena Wyatt;18607;NaN;54;NaN
Sam Doyle;89862;NaN;22;NaN
Annalise Sawyer;59912;NaN;45;NaN
Jefferson Morales;14833;NaN;28;NaN
Skylar Brown;44680;NaN;27;NaN
Elijah Garcia;79919;NaN;27;NaN
Amelia Bennett;85621;NaN;40;NaN
Leonardo Portillo;23375;NaN;30;NaN
Nathalie Madden;88598;NaN;26;NaN
Everest Barr;57646;NaN;49;NaN
Noemi Robertson;55225;NaN;49;NaN
Emiliano McDaniel;84705;NaN;26;NaN
Dahlia Potts;2869;NaN;20;NaN
Alfred Owen;70060;NaN;18;NaN
Mikayla Richards;64897;NaN;49;NaN
Holden Saunders;66297;NaN;54;NaN
Meadow Moyer;84466;NaN;27;NaN
Ahmir Bernal;55423;NaN;29;NaN
Emmeline Stein;60032;NaN;48;NaN
Creed Holt;79859;NaN;44;NaN
Adelynn Wong;3467;NaN;58;NaN
Walter Kaur;78343;NaN;49;NaN
Holland Yates;95659;NaN;43;NaN
Braylon Miranda;56014;NaN;26;NaN
Amina Blair;87756;NaN;51;NaN
Troy Patrick;17694;NaN;52;NaN
Lyra Morrow;18175;NaN;32;NaN
Kyree Booth;39397;NaN;40;NaN
Zariyah Kelly;92298;NaN;19;NaN
Cooper Howe;16199;NaN;53;NaN
Persephone Robbins;40536;NaN;46;NaN
Finnegan Rivers;55467;NaN;35;NaN
Kiana Simpson;85063;NaN;29;NaN
Elliott Dunn;33703;NaN;44;NaN
Olive Hail;48303;NaN;22;NaN
Hector Strickland;24414;NaN;21;NaN
Nia Ballard;30612;NaN;38;NaN
Kenzo Barr;82558;NaN;27;NaN
Noemi Castillo;4933;NaN;58;NaN
Kai Greene;34537;NaN;47;NaN
Selena Castaneda;83440;NaN;18;NaN
Collin Michael;85011;NaN;22;NaN
Aubriella Howell;97826;NaN;30;NaN
Bradley Hudson;3008;NaN;22;NaN
Kamila Robertson;43638;NaN;60;NaN
Emiliano Burnett;21456;NaN;47;NaN
Emberly Roach;60586;NaN;40;NaN
Caspian Gardner;96859;NaN;45;NaN
Jordyn McDaniel;64457;NaN;30;NaN
Major Colon;7101;NaN;58;NaN
Remy Walls;34757;NaN;41;NaN
Larry Stokes;46155;NaN;46;NaN
Miranda Kent;5166;NaN;23;NaN
Mekhi Wise;97371;NaN;37;NaN
Mira Anderson;48217;NaN;58;NaN
Jacob Fields;77693;NaN;45;NaN
Annie Dawson;13872;NaN;59;NaN
Iker Goodwin;10905;NaN;30;NaN
Shiloh Campbell;51193;NaN;20;NaN
Christopher Eaton;32031;NaN;48;NaN
Miley Miles;11233;NaN;40;NaN
Jared Odom;16225;NaN;34;NaN
Laylani Arnold;59746;NaN;21;NaN
Abraham Snyder;16978;NaN;24;NaN
Callie David;76184;NaN;60;NaN
Alonso Kelly;82119;NaN;56;NaN
Ruby Kaur;88152;NaN;46;NaN
Augustine Garza;79472;NaN;25;NaN
River Luna;16546;NaN;49;NaN
Erick Faulkner;71917;NaN;37;NaN
Ansley Trujillo;21982;NaN;33;NaN
Apollo Bell;62906;NaN;33;NaN
Melody Stevens;56283;NaN;23;NaN
Zachary Palacios;72789;NaN;55;NaN
Bria Zuniga;77359;NaN;26;NaN
Sincere Pacheco;78150;NaN;26;NaN
Paris Patterson;27073;NaN;50;NaN
Amir Suarez;23943;NaN;41;NaN
Jimena Hurst;29397;NaN;30;NaN
Neil Garza;15097;NaN;53;NaN
River Person;25273;NaN;42;NaN
Moses Klein;5064;NaN;25;NaN
Elianna Rosas;25972;NaN;21;NaN
Remi Carrillo;9835;NaN;38;NaN
Kaylani Reed;49143;NaN;39;NaN
Easton McClain;56627;NaN;38;NaN
Marleigh McKenzie;14381;NaN;57;NaN
Scott Prince;84587;NaN;22;NaN
Greta Lane;96681;NaN;59;NaN
Matias Johnston;90386;NaN;50;NaN
Laila Hendricks;87048;NaN;46;NaN
Dash Church;98805;NaN;58;NaN
Ayleen Valencia;26957;NaN;30;NaN
Dax Francis;93395;NaN;47;NaN
Daniella Nelson;6567;NaN;47;NaN
Dylan Snow;74502;NaN;43;NaN
Alexia Sampson;63548;NaN;33;NaN
Cain Marshall;49594;NaN;41;NaN
Adalyn Paul;1405;NaN;32;NaN
Noel Henry;41107;NaN;38;NaN
Summer Cunningham;20350;NaN;44;NaN
Alejandro Christensen;14174;NaN;50;NaN
Carmen Chen;16208;NaN;56;NaN
Emmanuel Luna;24624;NaN;49;NaN
Journey Berger;48784;NaN;49;NaN
Byron Park;38042;NaN;27;NaN
Lia Park;2621;NaN;43;NaN
Daxton Vance;12362;NaN;30;NaN
Maxine Gould;23459;NaN;30;NaN
Blaine Vaughan;31439;NaN;33;NaN
Nancy Burns;54366;NaN;57;NaN
August Woods;35169;NaN;43;NaN
Reese Boyd;70760;NaN;58;NaN
Dean Galindo;77130;NaN;45;NaN
Corinne Farley;46740;NaN;33;NaN
Graysen Harvey;89119;NaN;46;NaN
Nicole Owen;68701;NaN;19;NaN
Cannon Montoya;67029;NaN;54;NaN
Kamryn Santos;81185;NaN;44;NaN
Walker Anderson;19566;NaN;54;NaN
Ella Phan;23378;NaN;56;NaN
Maison Velez;70051;NaN;27;NaN
Megan O?Neill;40144;NaN;19;NaN
Marcel Curry;4271;NaN;55;NaN
Alison Cortes;76915;NaN;37;NaN
Banks Giles;26252;NaN;59;NaN
Bailee Hunt;899;NaN;22;NaN
Jesus Washington;7346;NaN;44;NaN
Valerie Bean;6718;NaN;33;NaN
Mccoy Atkinson;2345;NaN;33;NaN
Jazmin Carroll;69597;NaN;22;NaN
Oscar Ross;89771;NaN;36;NaN
Peyton Wilkinson;60226;NaN;37;NaN
Leonard Vasquez;16279;NaN;41;NaN
Rose Lim;71662;NaN;51;NaN
Cal Shields;71913;NaN;33;NaN
Analia Cruz;23113;NaN;43;NaN
Ryan Gould;31765;NaN;33;NaN
Violeta Schmidt;80382;NaN;27;NaN
Zayden Trevino;76081;NaN;58;NaN
Priscilla Castaneda;14451;NaN;45;NaN
Collin Maxwell;2037;NaN;43;NaN
Kyla Chavez;70542;NaN;22;NaN
Ian Gaines;56713;NaN;57;NaN
Aya Stout;19075;NaN;29;NaN
Callahan Barnes;94636;NaN;51;NaN
Liliana Espinosa;12420;NaN;32;NaN
Khalid Wallace;8955;NaN;53;NaN
Arianna Rios;85824;NaN;35;NaN
Israel Weber;43085;NaN;49;NaN
Alayah Rivas;74028;NaN;56;NaN
Damon Lin;91661;NaN;58;NaN
Makenna Flores;38750;NaN;41;NaN
Lincoln Golden;5819;NaN;57;NaN
Giuliana Caldwell;15263;NaN;42;NaN
Rylan Gutierrez;51169;NaN;18;NaN
Savannah Rush;3679;NaN;20;NaN
Kaiser Newman;39363;NaN;45;NaN
Oaklynn Sherman;3846;NaN;19;NaN
Adan Potts;43562;NaN;30;NaN
Ellison Hurley;48325;NaN;21;NaN
Van Dalton;20181;NaN;56;NaN
Lilian Alvarado;1781;NaN;23;NaN
Andres Spencer;97232;NaN;36;NaN
Alyssa Cortez;52676;NaN;27;NaN
Zayn Mayo;93510;NaN;32;NaN
Aarya Morris;87714;NaN;59;NaN
Christian Schroeder;75560;NaN;35;NaN
Cameron Carey;90002;NaN;36;NaN
Watson Reyes;77216;NaN;58;NaN
Audrey McGuire;5926;NaN;58;NaN
Casey Ahmed;48990;NaN;35;NaN
Jolie Bonilla;15090;NaN;21;NaN
Aden Ballard;46845;NaN;47;NaN
Alejandra Steele;83884;NaN;58;NaN
Elian Saunders;27927;NaN;55;NaN
Meadow Leonard;69897;NaN;26;NaN
Ricardo Chang;48081;NaN;52;NaN
Ophelia Wheeler;92554;NaN;45;NaN
Kenneth Welch;30858;NaN;58;NaN
Amira Best;23186;NaN;48;NaN
Harlem Luna;37093;NaN;56;NaN
Journey Blackburn;89294;NaN;18;NaN
Zahir Jacobs;24684;NaN;57;NaN
Camilla Liu;28737;NaN;18;NaN
Pedro Roberson;24348;NaN;25;NaN
Sasha Orr;56905;NaN;56;NaN
Benicio Weiss;77928;NaN;33;NaN
Lennox Krueger;21870;NaN;22;NaN
Jones Carr;11598;NaN;31;NaN
Rowan Singleton;23485;NaN;59;NaN
Landyn Blevins;36384;NaN;25;NaN
Aila Potts;63400;NaN;44;NaN
Alfred Arias;573;NaN;44;NaN
Aleah Boyer;9835;NaN;57;NaN
Zeke Conrad;76948;NaN;42;NaN
Bexley Wise;71862;NaN;26;NaN
Frederick Roberts;98946;NaN;29;NaN
Paisley Calderon;44780;NaN;19;NaN
Oakley Burke;8390;NaN;35;NaN
Vera Skinner;10411;NaN;48;NaN
Ridge Vang;85818;NaN;42;NaN
Madisyn Lynn;76647;NaN;21;NaN
Zechariah Cook;81760;NaN;56;NaN
Aaliyah Kennedy;87497;NaN;21;NaN
Maxwell Greene;50867;NaN;51;NaN
Selena Ramsey;51286;NaN;34;NaN
Luciano Armstrong;53533;NaN;29;NaN
Presley Quintana;92940;NaN;41;NaN
Kelvin Hoffman;1957;NaN;43;NaN
Aspen Beard;46169;NaN;58;NaN
Nathanael Landry;39029;NaN;32;NaN
Brynleigh Barry;63217;NaN;31;NaN
Emery Gomez;75570;NaN;31;NaN
Natalie Rush;91313;NaN;53;NaN
Kaiser Church;46492;NaN;47;NaN
Ayleen McCoy;92375;NaN;37;NaN
Jett Randolph;23372;NaN;56;NaN
Kailey Petersen;25342;NaN;41;NaN
Samson Patel;10505;NaN;40;NaN
Madeline Lloyd;25575;NaN;25;NaN
Zaire Erickson;74435;NaN;45;NaN
Sabrina Chung;51305;NaN;28;NaN
Ira Barnett;35698;NaN;39;NaN
Harlow Holt;79356;NaN;49;NaN
Niko Powers;61885;NaN;19;NaN
Michelle Golden;6062;NaN;56;NaN
Amias Baldwin;78272;NaN;40;NaN
Esmeralda Sandoval;88656;NaN;25;NaN
Brantley Escobar;26426;NaN;28;NaN
Erin Petersen;48114;NaN;52;NaN
Samson Kelley;83045;NaN;60;NaN
Rosalie Hanna;51381;NaN;51;NaN
Aydin Bruce;64422;NaN;36;NaN
Marilyn Gentry;55957;NaN;37;NaN
Magnus Nava;51156;NaN;53;NaN
Scout Dillon;57334;NaN;23;NaN
Alvin Contreras;13790;NaN;39;NaN
Daniela Miranda;11810;NaN;57;NaN
Rory Short;33683;NaN;26;NaN
Cheyenne Villanueva;27511;NaN;31;NaN
Huxley Bradshaw;66863;NaN;60;NaN
Berkley Valencia;82968;NaN;42;NaN
Dax Cameron;80493;NaN;20;NaN
Julie Willis;28278;NaN;51;NaN
Remington Hill;74831;NaN;52;NaN
Hannah Williamson;44640;NaN;42;NaN
Emerson Garrett;8578;NaN;53;NaN
Tessa Wolfe;57222;NaN;22;NaN
Donovan Dunlap;24351;NaN;19;NaN
Iliana Erickson;848;NaN;49;NaN
Johnny Roberson;31288;NaN;48;NaN
Sasha Nelson;75396;NaN;28;NaN
Dylan Dean;69548;NaN;34;NaN
Julianna Petersen;2009;NaN;30;NaN
Samson Duran;66885;NaN;46;NaN
Willa Cardenas;17006;NaN;30;NaN
Johnathan Heath;53507;NaN;46;NaN
Amani Soto;56978;NaN;44;NaN
Barrett Sawyer;71949;NaN;57;NaN
Marina Pennington;54002;NaN;40;NaN
Bobby Goodwin;73015;NaN;52;NaN
Shiloh Moses;29752;NaN;19;NaN
Niklaus Little;23945;NaN;20;NaN
Harley Baker;62001;NaN;20;NaN
Ezra Novak;59472;NaN;40;NaN
Kaiya Bradley;52355;NaN;32;NaN
Richard Glenn;73437;NaN;19;NaN
Blaire Alvarado;85056;NaN;60;NaN
Andres Pierce;79973;NaN;59;NaN
Arabella Villa;34427;NaN;26;NaN
Clay Bullock;35203;NaN;34;NaN
Winnie Olson;62204;NaN;26;NaN
Malachi Shah;25243;NaN;58;NaN
Angelica Vaughn;85009;NaN;55;NaN
Remy Jefferson;7993;NaN;47;NaN
Julieta Quintero;41849;NaN;60;NaN
Thatcher Boyer;20222;NaN;35;NaN
Chaya Padilla;67084;NaN;54;NaN
Jaden Cortes;54537;NaN;35;NaN
Lea Hendrix;25682;NaN;37;NaN
Korbyn Lawrence;34024;NaN;41;NaN
Lauren Calderon;25193;NaN;46;NaN
Oakley Pittman;11239;NaN;46;NaN
Marie Roth;87775;NaN;45;NaN
Roy Campos;53087;NaN;51;NaN
Sutton Potts;10101;NaN;37;NaN
Alfred Reilly;24617;NaN;34;NaN
Tori Suarez;29436;NaN;53;NaN
Soren McCarthy;85213;NaN;49;NaN
Kira Pena;61570;NaN;26;NaN
Marcus Schneider;40823;NaN;57;NaN
Delaney Zhang;80579;NaN;37;NaN
Isaias Lu;80956;NaN;46;NaN
Emani Andersen;33286;NaN;30;NaN
Alistair Combs;44118;NaN;30;NaN
Irene Morton;38276;NaN;19;NaN
Roland Wilkinson;40506;NaN;18;NaN
Siena Chung;77105;NaN;54;NaN
Ira Ingram;5489;NaN;19;NaN
Katie Faulkner;66579;NaN;23;NaN
Jabari Paul;31103;NaN;58;NaN
Daphne Montoya;21382;NaN;26;NaN
Ford Erickson;50196;NaN;58;NaN
Sabrina Patterson;31571;NaN;58;NaN
Amir Shields;61501;NaN;26;NaN
Analia Weaver;71294;NaN;52;NaN
Tucker Liu;98662;NaN;58;NaN
Kate Best;77244;NaN;55;NaN
Harlem Terry;29025;NaN;55;NaN
Wren Rojas;28263;NaN;23;NaN
Colin Snow;27298;NaN;27;NaN
Alexia Banks;78637;NaN;27;NaN
Martin Estrada;20001;NaN;37;NaN
Sawyer Castro;98238;NaN;51;NaN
Jasper Anderson;82576;NaN;33;NaN
Ella Jones;68500;NaN;46;NaN
William Marshall;99624;NaN;59;NaN
Adalyn Daniel;55595;NaN;60;NaN
Grady Gilmore;66704;NaN;49;NaN
Chanel Brady;38600;NaN;22;NaN
Reed Yu;64826;NaN;22;NaN
Navy Potter;90238;NaN;20;NaN
Lucca Maxwell;22874;NaN;37;NaN
Kyla Farmer;74354;NaN;33;NaN
Jamison Dodson;30659;NaN;32;NaN
Etta Hanna;1839;NaN;41;NaN
Aydin Hebert;81874;NaN;55;NaN
Kyleigh Gordon;81013;NaN;41;NaN
Karter Alvarez;24693;NaN;27;NaN
Leilani Powell;83848;NaN;37;NaN
Bennett Morales;5653;NaN;31;NaN
Skylar Esparza;63529;NaN;20;NaN
Carl Walker;11659;NaN;50;NaN
Hazel House;55242;NaN;18;NaN
Yehuda Daugherty;41102;NaN;55;NaN
Magdalena Gates;39938;NaN;52;NaN
Ermias Moran;40669;NaN;37;NaN
Celeste Morales;80293;NaN;31;NaN
Aaron Powell;96838;NaN;59;NaN
Vivian Stanley;24593;NaN;20;NaN
Manuel Lester;37365;NaN;29;NaN
Averi Roberts;80676;NaN;29;NaN
Josiah Carey;98462;NaN;37;NaN
Alora Sherman;1199;NaN;31;NaN
Adan Cordova;74772;NaN;43;NaN
Florence Munoz;43658;NaN;34;NaN
Justin Yoder;69241;NaN;51;NaN
Emerie Beard;22946;NaN;35;NaN
Nathanael Xiong;30018;NaN;47;NaN
Amayah Peck;31058;NaN;42;NaN
Yousef McClure;38344;NaN;37;NaN
Estella Burke;56308;NaN;53;NaN
Jax Ellis;98231;NaN;27;NaN
Ayla Strong;15508;NaN;39;NaN
Axl Correa;26331;NaN;43;NaN
Valery Horn;61182;NaN;56;NaN
Wilson Manning;44603;NaN;50;NaN
Jennifer Todd;53198;NaN;43;NaN
Baylor Quintero;73306;NaN;30;NaN
Keyla Gentry;78375;NaN;21;NaN
Magnus Hinton;32521;NaN;56;NaN
Jaelynn Dominguez;90721;NaN;24;NaN
Kaden Friedman;89124;NaN;20;NaN
Aspyn Carey;3895;NaN;32;NaN
Watson Mueller;21117;NaN;21;NaN
Imani Brewer;94393;NaN;25;NaN
Cruz Macdonald;97600;NaN;18;NaN
Rosalia Allison;72572;NaN;29;NaN
Dennis Greer;88993;NaN;53;NaN
Reina Wheeler;72064;NaN;31;NaN
Kenneth Duffy;80822;NaN;43;NaN
Addisyn Kerr;75893;NaN;43;NaN
Louie Buchanan;77296;NaN;22;NaN
Maryam Parker;45953;NaN;37;NaN
Caleb Harvey;72784;NaN;38;NaN
Nicole Benjamin;32559;NaN;43;NaN
Kyro Kane;61008;NaN;33;NaN
Ellianna Wong;32523;NaN;41;NaN
Walter Marin;69553;NaN;52;NaN
Celia Delarosa;39855;NaN;41;NaN
Osiris Petersen;63943;NaN;38;NaN
Fernanda Huynh;34312;NaN;45;NaN
Layton Stanley;63693;NaN;21;NaN
Gracelyn Sanford;16793;NaN;44;NaN
Truett Lloyd;14780;NaN;58;NaN
Emely Hodge;71347;NaN;29;NaN
Reign Paul;14476;NaN;60;NaN
Daphne Whitney;10246;NaN;22;NaN
Jeffery Elliott;19954;NaN;44;NaN
Noelle Buck;60949;NaN;53;NaN
Jon Sullivan;14157;NaN;27;NaN
Melanie Schwartz;85125;NaN;60;NaN
Edwin Tran;29779;NaN;55;NaN
Kylie Medrano;39917;NaN;34;NaN
Arian Magana;87460;NaN;27;NaN
Amaris Duke;59554;NaN;27;NaN
Kalel Morrison;94332;NaN;46;NaN
Rebecca Petersen;50062;NaN;46;NaN
Samson Macdonald;67682;NaN;19;NaN
Rosalia Flynn;86238;NaN;25;NaN
Kannon Davis;57596;NaN;45;NaN
Mia Moses;50240;NaN;39;NaN
Niklaus McKinney;60337;NaN;22;NaN
Gwendolyn Dorsey;48578;NaN;27;NaN
Enoch Shepherd;35329;NaN;58;NaN
Katalina Gibson;2474;NaN;53;NaN
Tyler Morrison;94051;NaN;26;NaN
Rebecca Ball;73597;NaN;28;NaN
Shane Byrd;10706;NaN;34;NaN
Giselle Bell;6727;NaN;47;NaN
Emmett Carroll;63962;NaN;60;NaN
Zara Hawkins;34426;NaN;18;NaN
Victor Mayo;32162;NaN;45;NaN
Aarya Brennan;25754;NaN;32;NaN
Curtis Lim;15615;NaN;32;NaN
Giavanna Rogers;53826;NaN;23;NaN
Colton Hoover;97903;NaN;22;NaN
Virginia Miranda;40546;NaN;59;NaN
Rory Blankenship;94598;NaN;25;NaN
Rosalee Nixon;43616;NaN;41;NaN
Cory Quintero;21558;NaN;18;NaN
Keyla Hinton;77693;NaN;24;NaN
Frankie Hill;46320;NaN;52;NaN
Hannah Griffin;19501;NaN;43;NaN
Ayden Woodward;78756;NaN;25;NaN
Drew Dickerson;5415;NaN;19;NaN
Flynn Sandoval;36360;NaN;33;NaN
Elsie Pearson;34510;NaN;22;NaN
Gunner Beck;21248;NaN;20;NaN
Gia Torres;1905;NaN;55;NaN
Jayden Hodge;45112;NaN;22;NaN
Coraline Charles;37636;NaN;51;NaN
Conrad Lester;2661;NaN;19;NaN
Averi Cortez;57984;NaN;19;NaN
Zayn Mejia;99876;NaN;45;NaN
Saylor Dixon;37157;NaN;37;NaN
Camden Howard;48432;NaN;52;NaN
Sophie Cannon;48519;NaN;50;NaN
Archie Moon;52983;NaN;25;NaN
Naya McPherson;34723;NaN;38;NaN
Foster Bernard;47968;NaN;48;NaN
Barbara Stevens;214;NaN;29;NaN
Zachary Daniel;64654;NaN;26;NaN
Joy Black;41759;NaN;30;NaN
Matteo Faulkner;7768;NaN;25;NaN
Ansley Mayer;78485;NaN;23;NaN
Yahir Wilkinson;45775;NaN;41;NaN
Siena Hensley;92403;NaN;25;NaN
Layne Zamora;87822;NaN;32;NaN
Sierra Zimmerman;49860;NaN;34;NaN
Sergio O?Connor;23195;NaN;21;NaN
Charli Anderson;50615;NaN;20;NaN
Jacob Stevenson;24627;NaN;60;NaN
Regina Sanford;12665;NaN;55;NaN
Truett Schneider;7391;NaN;51;NaN
Delaney Moses;59417;NaN;51;NaN
Niklaus Nguyen;48533;NaN;32;NaN
Nova Guerra;60796;NaN;30;NaN
Leland Nolan;57078;NaN;58;NaN
Itzayana Becker;30888;NaN;42;NaN
Lawson Gutierrez;52483;NaN;56;NaN
Savannah Lin;15345;NaN;34;NaN
Conor Logan;76405;NaN;44;NaN
Kora Bradshaw;12404;NaN;47;NaN
Emory Odom;9540;NaN;37;NaN
Laylani Gilbert;59619;NaN;44;NaN
Tobias Beasley;68468;NaN;54;NaN
Jaylah Melton;88645;NaN;47;NaN
Lennon Cardenas;807;NaN;54;NaN
Raven Miller;76388;NaN;31;NaN
Benjamin McPherson;61348;NaN;28;NaN
Emmaline Le;31231;NaN;35;NaN
Damien Villanueva;53427;NaN;43;NaN
Monroe Kerr;36902;NaN;24;NaN
Louie Buck;80031;NaN;47;NaN
Livia Murray;24279;NaN;25;NaN
Ashton Dillon;70930;NaN;20;NaN
Laurel Clayton;45475;NaN;53;NaN
Boston Cain;46631;NaN;56;NaN
Kendra Burton;45775;NaN;53;NaN
Zander Beasley;91340;NaN;28;NaN
Jaylah Bates;85473;NaN;50;NaN
Ellis Garner;92719;NaN;37;NaN
Jacqueline Shaw;49419;NaN;47;NaN
Elliot Mercado;59782;NaN;28;NaN
Mckinley Barrett;60569;NaN;55;NaN
Angelo Koch;69776;NaN;45;NaN
Milana Bates;88514;NaN;37;NaN
Ellis Preston;66858;NaN;57;NaN
Indie Phelps;35025;NaN;42;NaN
Hamza Fry;34397;NaN;38;NaN
Clarissa Kent;51002;NaN;36;NaN
Mekhi McKay;86919;NaN;50;NaN
Leanna Wiley;28073;NaN;47;NaN
Mathew Lim;32921;NaN;35;NaN
Giavanna Dawson;7560;NaN;24;NaN
Iker Parks;97760;NaN;50;NaN
Ainsley Bowen;53138;NaN;60;NaN
Trevor Cunningham;57618;NaN;58;NaN
Marley Hale;6226;NaN;37;NaN
Ezequiel Hawkins;64536;NaN;32;NaN
Ariel Marquez;87277;NaN;26;NaN
Malakai Cano;36104;NaN;30;NaN
Egypt Strickland;38824;NaN;36;NaN
Keegan Barber;71716;NaN;46;NaN
Cassidy McBride;98450;NaN;19;NaN
Denver Evans;62417;NaN;39;NaN
Eliana Dudley;93572;NaN;43;NaN
Colter Ross;96169;NaN;29;NaN
Peyton Huffman;8485;NaN;24;NaN
Chris Hubbard;21153;NaN;34;NaN
Rosie Russo;21123;NaN;25;NaN
Jamie Russo;51714;NaN;42;NaN
Tinsley Hicks;55347;NaN;38;NaN
Maddox Massey;62708;NaN;45;NaN
Alice Johnson;2576;NaN;NaN;alice.johnson@example.com
Bob Smith;8902;NaN;NaN;bob.smith@example.com
Clara Davis;4319;NaN;NaN;clara.davis@example.com
David White;7652;NaN;NaN;david.white@example.com
Emma Harris;1987;NaN;NaN;emma.harris@example.com
Frank Brown;5236;NaN;NaN;frank.brown@example.com
Grace Miller;6743;NaN;NaN;grace.miller@example.com
Henry Wilson;9812;NaN;NaN;henry.wilson@example.com
Isabella Lee;3415;NaN;NaN;isabella.lee@example.com
Jack Turner;5768;NaN;NaN;jack.turner@example.com
Karen Moore;1247;NaN;NaN;karen.moore@example.com
Liam Hall;8934;NaN;NaN;liam.hall@example.com
Megan Clark;6321;NaN;NaN;megan.clark@example.com
Nathan Adams;4501;NaN;NaN;nathan.adams@example.com
Olivia Hill;3178;NaN;NaN;olivia.hill@example.com
Peter Allen;7956;NaN;NaN;peter.allen@example.com
Quinn Turner;2087;NaN;NaN;quinn.turner@example.com
Rachel Bell;6092;NaN;NaN;rachel.bell@example.com
Sam Taylor;8576;NaN;NaN;sam.taylor@example.com
Taylor Scott;1485;NaN;NaN;taylor.scott@example.com
Victor Lewis;7543;NaN;NaN;victor.lewis@example.com
Sophia Turner;3629;NaN;NaN;sophia.turner@example.com
Benjamin Davis;5231;NaN;NaN;benjamin.davis@example.com
Ava Smith;9162;NaN;NaN;ava.smith@example.com
Matthew Johnson;1754;NaN;NaN;matthew.johnson@example.com
Emily Harris;6231;NaN;NaN;emily.harris@example.com
James Wilson;4316;NaN;NaN;james.wilson@example.com
Olivia Brown;7985;NaN;NaN;olivia.brown@example.com
Lucas Moore;2176;NaN;NaN;lucas.moore@example.com
Sophia Adams;8912;NaN;NaN;sophia.adams@example.com
Daniel Taylor;5692;NaN;NaN;daniel.taylor@example.com
Emma White;3294;NaN;NaN;emma.white@example.com
Logan Clark;7456;NaN;NaN;logan.clark@example.com
Mia Hill;4169;NaN;NaN;mia.hill@example.com
Ethan Scott;6832;NaN;NaN;ethan.scott@example.com
Aria Hall;9021;NaN;NaN;aria.hall@example.com
Jackson Bell;3145;NaN;NaN;jackson.bell@example.com
Ava Lewis;6589;NaN;NaN;ava.lewis@example.com
Liam Turner;1423;NaN;NaN;liam.turner@example.com
Olivia Turner;5967;NaN;NaN;olivia.turner@example.com
Lucas Allen;2819;NaN;NaN;lucas.allen@example.com
Sophia Harris;4398;NaN;NaN;sophia.harris@example.com
Benjamin Moore;6702;NaN;NaN;benjamin.moore@example.com
Emily Davis;8102;NaN;NaN;emily.davis@example.com
Daniel Smith;1956;NaN;NaN;daniel.smith@example.com
Emma Wilson;8473;NaN;NaN;emma.wilson@example.com
Aria Clark;5012;NaN;NaN;aria.clark@example.com
Jackson White;6327;NaN;NaN;jackson.white@example.com
Mia Adams;3489;NaN;NaN;mia.adams@example.com
Ethan Brown;9087;NaN;NaN;ethan.brown@example.com
Ava Hall;4758;NaN;NaN;ava.hall@example.com
Logan Taylor;7632;NaN;NaN;logan.taylor@example.com
Grace Turner;2145;NaN;NaN;grace.turner@example.com
Henry Lewis;6890;NaN;NaN;henry.lewis@example.com
Isabella Moore;3174;NaN;NaN;isabella.moore@example.com
Jack Harris;5912;NaN;NaN;jack.harris@example.com
Karen Turner;8365;NaN;NaN;karen.turner@example.com
Liam Davis;1497;NaN;NaN;liam.davis@example.com
Megan Wilson;4926;NaN;NaN;megan.wilson@example.com
Nathan Clark;7518;NaN;NaN;nathan.clark@example.com
Olivia Smith;3621;NaN;NaN;olivia.smith@example.com
Peter Adams;9054;NaN;NaN;peter.adams@example.com
Quinn White;2389;NaN;NaN;quinn.white@example.com
Rachel Brown;6745;NaN;NaN;rachel.brown@example.com
Samuel Turner;4502;NaN;NaN;samuel.turner@example.com
Taylor Hall;8172;NaN;NaN;taylor.hall@example.com
Victor Moore;5892;NaN;NaN;victor.moore@example.com
Sophia Allen;1234;NaN;NaN;sophia.allen@example.com
Benjamin Taylor;7890;NaN;NaN;benjamin.taylor@example.com
Ava Davis;5401;NaN;NaN;ava.davis@example.com
Matthew Smith;6821;NaN;NaN;matthew.smith@example.com
Emily Turner;4965;NaN;NaN;emily.turner@example.com
James Moore;3176;NaN;NaN;james.moore@example.com
Olivia Hall;9582;NaN;NaN;olivia.hall@example.com
Lucas Clark;2649;NaN;NaN;lucas.clark@example.com
Sophia Harris;5087;NaN;NaN;sophia.harris@example.com
Daniel Turner;7102;NaN;NaN;daniel.turner@example.com
Emma Brown;3297;NaN;NaN;emma.brown@example.com
Ethan Adams;6152;NaN;NaN;ethan.adams@example.com
Aria Wilson;8743;NaN;NaN;aria.wilson@example.com
